Тюрьма светило потрясти,2021-09-29,05:46:00,600,300,False,2021-09-14 20:44:00,2021-09-24 00:38:00,4,838,702,False
О уточнить правление,2021-05-09,18:56:00,255,747,True,2021-04-16 00:05:00,2021-05-03 01:39:00,4,591,643,False
Славный миг вообще,2022-02-24,18:17:00,645,823,False,2022-02-23 16:24:00,2022-02-24 04:03:00,4,441,920,False
Новый художественный,2021-09-02,13:33:00,590,322,False,2021-08-12 01:16:00,2021-08-29 11:24:00,4,792,1156,False
Пасть девка,2022-03-20,21:58:00,580,37,False,2022-02-26 00:12:00,2022-03-15 18:40:00,4,540,916,False
Оставить жить песенка,2021-01-01,08:08:00,150,885,True,2020-12-29 14:41:00,2020-12-30 22:54:00,4,26,590,False
Дурацкий покидать,2021-06-07,04:16:00,105,877,False,2021-05-08 19:42:00,2021-06-02 11:05:00,4,889,1226,False
Аж головной строительство,2021-10-23,04:52:00,235,676,True,2021-10-08 23:32:00,2021-10-15 11:01:00,4,619,1267,False
Костер анализ триста,2021-09-13,11:17:00,195,622,True,2021-08-31 08:05:00,2021-09-01 10:04:00,4,984,934,False
Еврейский потянуться настать,2021-04-30,07:26:00,195,979,True,2021-04-04 07:49:00,2021-04-13 12:05:00,4,740,1589,False
Банда страсть народ,2021-06-11,08:11:00,395,939,False,2021-05-27 08:37:00,2021-06-02 18:40:00,4,872,1075,False
Куча подземный расстегнуть,2022-06-03,23:23:00,570,746,False,2022-05-10 05:38:00,2022-05-24 11:53:00,4,64,1750,False
Шлем угроза,2021-06-16,18:42:00,315,842,False,2021-06-03 19:37:00,2021-06-12 03:35:00,4,658,556,False
Картинка,2021-10-29,07:59:00,635,183,False,2021-10-15 11:02:00,2021-10-29 03:02:00,4,305,1943,False
Уронить инфекция посидеть бригада,2022-06-09,12:24:00,610,674,True,2022-05-11 03:16:00,2022-05-17 04:34:00,4,602,1843,False
Отметить место,2022-04-06,07:57:00,60,613,False,2022-03-24 00:32:00,2022-04-03 22:58:00,4,334,1986,False
Кожа перебивать уничтожение,2021-12-11,08:48:00,590,808,True,2021-11-27 06:05:00,2021-12-05 19:10:00,4,477,692,False
Пол мусор полюбить эпоха,2021-08-04,13:05:00,415,441,False,2021-07-08 07:53:00,2021-07-15 07:05:00,4,165,1799,False
Новый актриса,2022-07-04,09:05:00,225,548,True,2022-06-28 03:19:00,2022-07-02 16:48:00,4,21,1485,False
Очередной,2022-08-17,01:01:00,580,278,True,2022-08-02 23:41:00,2022-08-13 04:35:00,4,889,685,False
Мелочь академик,2022-01-29,04:34:00,615,984,True,2022-01-06 20:22:00,2022-01-22 00:14:00,4,288,545,False
Легко изменение построить,2021-01-06,23:03:00,50,402,True,2020-12-14 20:28:00,2020-12-18 06:31:00,4,388,920,False
Соответствие ныне,2022-08-22,13:58:00,570,546,True,2022-08-19 21:00:00,2022-08-20 03:58:00,4,600,1548,False
Висеть неожиданный,2021-06-06,09:56:00,520,224,True,2021-05-13 19:35:00,2021-05-25 19:49:00,4,512,1503,False
Народ спорт точно,2022-02-21,10:36:00,210,374,False,2022-02-04 11:12:00,2022-02-15 14:36:00,4,979,1885,False
Горький задержать,2021-09-25,19:52:00,110,254,True,2021-09-04 13:09:00,2021-09-24 16:20:00,4,49,1273,False
Сынок,2021-10-28,10:34:00,710,409,True,2021-10-26 11:50:00,2021-10-27 08:34:00,4,226,1537,False
Белье манера,2022-01-06,05:38:00,120,753,False,2022-01-03 10:26:00,2022-01-04 20:02:00,4,892,1306,False
Висеть степь рабочий,2021-05-13,05:08:00,475,991,True,2021-04-19 19:24:00,2021-04-30 15:40:00,4,27,1006,False
Обида присесть вообще,2022-07-12,12:57:00,95,590,True,2022-07-04 15:23:00,2022-07-04 15:39:00,4,207,642,False
Банда граница потянуться,2022-09-10,01:21:00,575,403,False,2022-09-03 20:46:00,2022-09-05 17:39:00,4,960,841,False
Картинка налево,2021-05-19,12:36:00,70,880,False,2021-05-06 07:05:00,2021-05-13 02:10:00,5,476,1999,False
Поставить сохранять,2022-09-24,14:11:00,655,548,True,2022-09-23 01:52:00,2022-09-23 17:50:00,0,35,312,False
Вскинуть соответствие поставить,2022-06-13,06:32:00,190,34,True,2022-05-29 00:02:00,2022-06-12 10:34:00,4,663,1817,False
Печатать сохранять,2021-04-26,14:47:00,415,491,True,2021-03-31 17:00:00,2021-04-21 18:09:00,4,752,863,False
Избегать вообще,2022-04-21,16:53:00,530,51,False,2022-04-17 14:44:00,2022-04-18 04:24:00,4,378,1926,False
Задержать указанный скользить,2022-07-04,14:49:00,665,903,False,2022-07-02 14:37:00,2022-07-03 11:50:00,4,644,493,False
Социалистический коричневый,2021-03-07,00:09:00,710,586,False,2021-02-07 02:00:00,2021-03-01 04:13:00,4,240,1132,False
Легко прежний,2021-08-12,04:24:00,190,228,False,2021-07-17 06:10:00,2021-08-01 00:39:00,4,218,1143,False
Лиловый наткнуться,2021-11-06,17:05:00,535,571,True,2021-10-22 02:10:00,2021-11-05 11:15:00,4,274,739,False
Труп руководитель,2021-04-07,03:39:00,680,211,False,2021-03-16 10:15:00,2021-04-04 17:39:00,4,640,731,False
Выкинуть сынок,2022-01-23,17:30:00,620,557,True,2022-01-20 13:40:00,2022-01-22 19:51:00,4,651,1756,False
Крыса смелый,2022-08-07,09:10:00,710,417,True,2022-07-09 10:06:00,2022-07-15 15:42:00,4,58,475,False
Дрогнуть падать,2021-07-12,23:46:00,550,300,False,2021-07-11 17:24:00,2021-07-12 17:53:00,4,473,180,False
Число головка,2021-11-02,08:41:00,270,240,True,2021-10-09 00:34:00,2021-10-17 17:07:00,4,363,1347,False
Расстройство ломать,2022-02-26,07:53:00,510,621,False,2022-02-05 17:28:00,2022-02-10 01:37:00,4,195,1015,False
Июнь намерение коричневый,2021-12-12,15:21:00,90,451,True,2021-11-22 22:57:00,2021-12-09 20:48:00,4,963,536,False
Спорт приятель,2021-04-16,01:26:00,365,761,False,2021-04-12 23:12:00,2021-04-13 01:08:00,4,595,448,False
Дьявол сопровождаться,2022-01-14,23:36:00,285,500,False,2022-01-03 22:39:00,2022-01-14 05:58:00,4,990,1141,False
Появление висеть пастух,2022-04-14,14:20:00,145,411,True,2022-03-29 09:26:00,2022-03-31 15:33:00,4,203,1665,False
Вчера коробка,2021-03-31,08:18:00,75,483,True,2021-03-18 11:49:00,2021-03-28 06:35:00,4,394,532,False
Непривычный степь,2021-10-23,00:12:00,490,464,True,2021-10-01 23:33:00,2021-10-07 13:12:00,4,398,997,False
Прелесть пятеро тесно,2021-08-13,04:12:00,15,140,True,2021-07-19 18:55:00,2021-07-20 21:06:00,4,378,917,False
Посидеть сустав,2022-05-25,11:40:00,495,43,False,2022-04-29 14:00:00,2022-04-29 16:00:00,5,160,1311,False
Функция подземный разнообразный упор,2022-08-12,10:29:00,135,383,True,2022-08-12 01:46:00,2022-08-12 06:52:00,4,709,1708,False
Доставать дошлый,2021-05-15,08:33:00,180,544,False,2021-05-09 13:29:00,2021-05-15 06:51:00,4,35,945,False
Слишком мелькнуть развитый райком,2021-03-30,11:57:00,505,233,True,2021-03-08 07:23:00,2021-03-15 21:32:00,4,197,1994,False
Ныне,2021-01-17,17:42:00,275,651,False,2021-01-04 03:44:00,2021-01-10 10:51:00,4,41,1580,False
Художественный крутой,2021-12-18,00:39:00,50,531,False,2021-11-26 00:52:00,2021-12-11 15:44:00,4,147,647,False
Деньги угроза,2022-04-19,20:55:00,475,103,True,2022-04-12 06:11:00,2022-04-12 22:42:00,4,5,746,False
Налоговый салон,2022-05-13,10:17:00,45,527,False,2022-04-17 12:33:00,2022-05-01 06:45:00,4,52,884,False
Труп зарплата,2021-09-09,06:06:00,175,388,True,2021-09-07 19:16:00,2021-09-09 03:30:00,4,974,1333,False
Строительство,2021-03-17,06:44:00,60,614,True,2021-03-16 17:23:00,2021-03-17 05:01:00,4,159,912,False
Единый издали прежний,2021-02-08,15:58:00,215,496,False,2021-02-02 00:43:00,2021-02-02 04:36:00,4,551,1303,False
Изредка,2022-08-27,11:49:00,245,95,False,2022-08-09 23:52:00,2022-08-18 16:44:00,4,647,202,False
Услать наслаждение,2021-08-14,23:52:00,150,556,True,2021-07-23 18:56:00,2021-08-03 01:02:00,4,653,1864,False
Головка четыре зеленый мучительно,2022-01-16,08:21:00,120,996,False,2021-12-30 09:27:00,2022-01-13 09:14:00,4,755,1162,False
Дорогой столетие,2022-09-14,13:03:00,125,546,False,2022-08-18 02:59:00,2022-09-08 12:42:00,2,143,1175,False
Цепочка мера появление избегать,2021-01-11,18:21:00,665,938,True,2020-12-20 04:29:00,2020-12-21 00:02:00,4,302,869,False
Засунуть смертельный термин,2021-07-02,07:39:00,110,614,False,2021-06-05 05:15:00,2021-06-11 08:20:00,4,882,537,False
Видимо расстегнуть заплакать,2021-02-10,01:52:00,540,119,True,2021-01-31 10:33:00,2021-02-03 03:30:00,4,61,460,False
Художественный да господь,2022-05-30,15:19:00,150,983,True,2022-05-01 20:05:00,2022-05-13 10:48:00,4,776,1536,False
Пропаганда пробовать,2022-07-21,20:17:00,590,155,True,2022-06-22 07:30:00,2022-07-12 22:43:00,4,256,1807,False
Число изучить смеяться,2022-07-24,19:24:00,205,562,False,2022-06-27 05:09:00,2022-07-19 17:27:00,4,529,1308,False
Изменение плод художественный,2021-12-09,07:26:00,505,158,True,2021-12-05 05:07:00,2021-12-05 23:04:00,4,114,616,False
Термин коллектив славный,2022-01-11,19:33:00,220,679,False,2022-01-04 15:17:00,2022-01-11 17:32:00,5,23,1619,False
Гулять прощение,2021-10-05,04:36:00,215,356,True,2021-09-24 23:56:00,2021-09-29 07:05:00,4,687,937,False
Находить спорт,2021-02-15,10:24:00,595,377,False,2021-01-20 06:20:00,2021-02-10 10:58:00,4,300,1295,False
Затянуться избегать,2022-01-04,06:45:00,205,614,False,2021-12-06 15:48:00,2021-12-18 00:30:00,5,235,293,False
Пасть остановить эпоха,2021-07-06,18:41:00,240,120,False,2021-06-15 10:45:00,2021-06-16 15:34:00,4,621,111,False
Бровь дремать,2022-08-14,19:52:00,365,330,False,2022-07-31 06:08:00,2022-08-05 23:08:00,4,966,152,False
Уточнить прелесть,2021-11-23,13:40:00,175,564,True,2021-11-22 12:38:00,2021-11-22 23:27:00,4,98,1472,False
Вперед теория,2022-07-28,03:45:00,160,931,True,2022-07-19 15:53:00,2022-07-21 17:02:00,4,843,263,False
Стакан помимо,2022-07-05,12:58:00,100,304,True,2022-06-22 00:08:00,2022-06-29 07:50:00,4,456,1274,False
Счастье бровь,2021-06-05,01:01:00,550,157,False,2021-05-13 13:14:00,2021-06-03 23:52:00,4,892,7,False
Разуметься упор,2022-03-02,10:55:00,40,252,True,2022-02-11 01:09:00,2022-02-20 08:21:00,4,264,1967,False
Дьявол изображать,2021-08-01,21:56:00,525,205,False,2021-07-03 10:39:00,2021-07-27 07:09:00,4,606,339,False
Видимо спорт,2021-08-01,22:47:00,155,624,True,2021-07-16 09:54:00,2021-07-22 08:43:00,4,326,1219,False
Реклама упор,2021-07-28,15:13:00,445,529,True,2021-06-28 22:00:00,2021-06-30 02:09:00,5,488,676,False
Зато витрина каюта домашний,2022-07-25,10:29:00,385,900,False,2022-06-30 04:36:00,2022-07-23 08:24:00,4,663,158,False
Сверкать посвятить направо,2021-06-07,10:40:00,225,166,True,2021-05-25 00:27:00,2021-06-05 15:57:00,4,638,976,False
Запретить командование,2022-02-28,11:44:00,305,185,True,2022-02-14 05:59:00,2022-02-16 04:19:00,4,729,1820,False
Легко спичка,2021-10-19,04:49:00,60,161,True,2021-09-30 11:18:00,2021-10-02 06:42:00,4,291,1225,False
Похороны иной,2021-05-28,23:51:00,645,669,False,2021-04-30 08:50:00,2021-05-04 00:50:00,4,670,842,False
Спешить неудобно каюта,2022-06-11,11:24:00,660,519,False,2022-06-02 07:28:00,2022-06-10 19:05:00,4,42,335,False
Дошлый устройство,2022-09-07,16:00:00,65,497,True,2022-09-03 07:44:00,2022-09-07 07:06:00,4,261,881,False
Единый разуметься,2022-06-30,12:28:00,240,725,False,2022-06-20 03:58:00,2022-06-25 23:23:00,4,450,579,False
Домашний передо,2022-03-20,18:01:00,35,248,True,2022-02-24 10:53:00,2022-03-12 09:41:00,4,688,1840,False
Ставить народ бегать гулять,2021-06-11,01:54:00,510,90,True,2021-05-30 17:13:00,2021-05-30 21:25:00,4,786,553,False
Пламя легко,2022-04-19,04:32:00,395,271,True,2022-04-02 05:50:00,2022-04-07 18:12:00,4,823,1808,False
Неудобно посидеть о,2021-02-16,01:23:00,290,529,True,2021-01-19 06:34:00,2021-01-22 08:23:00,4,250,602,False
Число июнь,2022-05-20,14:47:00,245,875,True,2022-04-28 19:25:00,2022-05-18 06:19:00,4,799,1606,False
Триста мгновение пастух,2022-06-12,09:48:00,490,495,False,2022-06-04 16:30:00,2022-06-10 02:32:00,4,229,393,False
Решение июнь вздрогнуть,2021-04-13,21:19:00,605,158,False,2021-03-31 01:01:00,2021-04-02 10:04:00,4,248,424,False
Деловой,2021-05-09,10:19:00,285,977,True,2021-05-04 19:47:00,2021-05-07 12:08:00,5,98,1951,False
Разнообразный горький приличный,2021-11-26,00:23:00,505,371,False,2021-11-02 14:12:00,2021-11-11 14:05:00,5,616,801,False
Выбирать спешить изба,2021-02-16,02:23:00,230,368,False,2021-01-29 13:55:00,2021-01-31 20:05:00,4,853,424,False
Понятный да,2021-06-21,17:29:00,670,922,False,2021-06-08 23:22:00,2021-06-11 19:19:00,4,840,1398,False
Возбуждение мальчишка потрясти,2021-02-26,08:16:00,70,683,False,2021-02-13 17:13:00,2021-02-17 07:37:00,4,454,1322,False
Столетие хотеть,2022-06-14,16:11:00,610,602,False,2022-05-20 09:12:00,2022-05-26 06:45:00,4,920,133,False
Ход важный ярко,2022-06-08,10:53:00,160,288,False,2022-05-17 05:46:00,2022-05-19 00:53:00,4,642,1283,False
Обида монета,2021-08-17,16:12:00,435,167,False,2021-07-24 00:33:00,2021-08-03 22:59:00,4,798,1220,False
Банк поколение дальний,2022-03-01,00:48:00,620,404,False,2022-02-16 12:55:00,2022-02-20 22:44:00,4,733,835,False
Равнодушный висеть крутой,2021-07-26,12:31:00,100,612,True,2021-07-15 11:00:00,2021-07-22 17:42:00,4,36,1416,False
Сходить табак,2021-11-07,18:15:00,510,80,True,2021-11-03 14:14:00,2021-11-03 17:59:00,4,798,1417,False
Страсть лиловый доставать,2021-01-19,19:24:00,90,780,False,2021-01-11 05:42:00,2021-01-12 23:11:00,5,773,708,False
Кпсс монета,2021-12-07,21:32:00,385,745,True,2021-12-03 12:05:00,2021-12-06 06:16:00,4,256,1403,False
Разуметься домашний смеяться,2021-04-27,23:06:00,230,48,False,2021-04-04 15:20:00,2021-04-11 15:22:00,4,434,1395,False
Мрачно полевой,2021-11-27,21:05:00,665,157,True,2021-11-22 07:33:00,2021-11-25 13:18:00,4,997,1634,False
Торговля,2021-02-11,19:09:00,315,313,True,2021-01-23 10:13:00,2021-02-03 22:41:00,4,93,311,False
Через бегать,2022-07-24,10:34:00,435,923,True,2022-07-23 13:36:00,2022-07-23 16:51:00,4,286,346,False
Анализ падаль построить слишком,2022-04-20,14:15:00,35,848,False,2022-04-08 13:17:00,2022-04-08 22:44:00,4,90,442,False
Остановить,2022-07-03,08:33:00,330,188,True,2022-06-07 05:42:00,2022-06-15 03:54:00,4,137,1956,False
Сынок развитый,2022-08-12,19:54:00,255,33,True,2022-07-20 04:15:00,2022-07-21 12:34:00,4,586,111,False
Хлеб июнь,2021-07-25,18:07:00,340,593,True,2021-07-09 03:26:00,2021-07-17 11:16:00,4,8,347,False
Ответить кольцо военный,2022-05-21,09:40:00,55,283,False,2022-05-14 17:26:00,2022-05-18 20:27:00,4,599,1684,False
Остановить другой,2022-08-16,03:11:00,475,443,False,2022-07-28 04:31:00,2022-08-01 02:37:00,4,403,1170,False
Добиться другой,2021-01-22,10:56:00,555,999,False,2021-01-16 09:50:00,2021-01-17 04:09:00,4,997,1732,False
Трубка неправда,2022-05-09,00:44:00,60,917,False,2022-05-07 07:20:00,2022-05-07 22:38:00,4,672,254,False
Руководитель,2022-01-17,01:36:00,420,836,True,2022-01-06 18:55:00,2022-01-14 03:24:00,4,25,1520,False
Ботинок назначить,2022-01-18,11:15:00,245,294,True,2022-01-02 20:02:00,2022-01-12 11:50:00,4,435,197,False
Картинка салон,2021-02-07,15:12:00,590,322,True,2021-02-01 23:19:00,2021-02-03 05:44:00,4,4,843,False
Миллиард боец висеть,2021-01-10,06:32:00,150,480,False,2021-01-02 15:59:00,2021-01-09 01:46:00,4,866,339,False
Рот отражение,2022-03-08,14:14:00,410,700,False,2022-03-08 09:43:00,2022-03-08 12:51:00,4,53,980,False
Роса вариант,2021-04-06,11:04:00,420,988,False,2021-03-20 08:09:00,2021-03-20 16:49:00,4,602,1996,False
Передо,2021-07-02,05:42:00,190,450,False,2021-06-17 14:08:00,2021-06-21 07:38:00,4,600,303,False
Господь житель,2022-04-18,02:07:00,340,921,True,2022-03-30 18:59:00,2022-04-10 07:52:00,4,590,1319,False
Решетка горький фонарик,2022-04-23,21:58:00,220,711,False,2022-04-13 00:57:00,2022-04-21 06:41:00,4,612,766,False
Одиннадцать бегать основание тута,2021-03-14,11:50:00,695,723,True,2021-02-16 01:00:00,2021-02-24 13:02:00,4,279,57,False
Отметить передо бригада,2021-07-19,00:53:00,285,88,True,2021-07-01 06:27:00,2021-07-17 14:42:00,4,756,732,False
Ответить космос чем,2022-08-25,15:28:00,435,691,True,2022-08-20 15:41:00,2022-08-24 00:13:00,4,871,958,False
Куча пол беспомощный,2021-09-11,22:39:00,265,979,False,2021-09-05 01:39:00,2021-09-11 08:45:00,4,404,95,False
Секунда счастье секунда,2021-09-27,13:05:00,660,477,False,2021-09-24 23:55:00,2021-09-25 10:02:00,4,854,338,False
Заложить,2021-03-18,17:36:00,415,751,False,2021-03-05 13:30:00,2021-03-14 03:42:00,4,29,472,False
Багровый неудобно покинуть идея,2021-07-26,11:15:00,665,277,False,2021-07-17 14:28:00,2021-07-22 23:17:00,4,952,1776,False
Рот терапия,2022-07-03,22:19:00,425,112,False,2022-06-26 05:42:00,2022-06-27 16:14:00,4,374,1442,False
Освобождение растеряться падать скрытый,2021-02-20,00:18:00,330,21,True,2021-01-21 13:44:00,2021-01-27 07:41:00,4,703,685,False
Спасть экзамен потом,2022-07-28,03:16:00,690,493,False,2022-07-20 22:40:00,2022-07-22 08:36:00,4,587,983,False
Сбросить штаб кузнец,2021-07-13,15:05:00,685,834,True,2021-06-17 18:46:00,2021-06-22 17:11:00,4,879,931,False
Смелый точно ярко заведение,2021-08-05,00:46:00,630,132,True,2021-07-13 10:00:00,2021-07-15 19:43:00,4,86,654,False
Июнь армейский,2021-11-18,16:53:00,250,258,True,2021-11-04 16:49:00,2021-11-11 13:23:00,4,922,71,False
Изображать висеть,2022-05-04,18:26:00,440,242,False,2022-04-15 06:02:00,2022-04-29 23:28:00,4,709,710,False
Магазин дьявол правильный,2021-11-09,08:47:00,665,953,True,2021-11-05 14:52:00,2021-11-08 04:30:00,4,953,572,False
Песня потом,2022-03-21,18:39:00,205,704,True,2022-02-26 16:43:00,2022-02-27 16:52:00,4,397,25,False
Неправда,2021-09-03,04:46:00,55,332,False,2021-08-18 20:39:00,2021-09-02 14:51:00,4,441,1123,False
Сынок единый покинуть,2022-05-23,16:07:00,425,209,True,2022-05-13 01:09:00,2022-05-14 02:09:00,4,427,740,False
Плод зарплата армейский,2022-05-12,18:22:00,460,508,False,2022-04-18 15:53:00,2022-05-04 10:20:00,4,432,1492,False
Передо коммунизм разуметься,2021-04-03,15:59:00,70,125,False,2021-03-12 17:42:00,2021-03-27 11:30:00,4,754,1740,False
Построить вариант видимо,2021-05-02,03:33:00,375,913,False,2021-04-06 00:19:00,2021-04-12 23:07:00,4,524,607,False
Актриса протягивать наслаждение,2021-12-17,07:47:00,275,974,False,2021-11-30 04:09:00,2021-12-14 04:51:00,4,33,1104,False
Падать изображать аллея,2022-08-09,05:02:00,500,725,False,2022-07-13 16:07:00,2022-07-25 23:53:00,4,230,1225,False
Сохранять советовать выраженный,2021-03-26,22:16:00,415,295,False,2021-03-07 17:06:00,2021-03-16 09:54:00,4,778,1782,False
Столетие кольцо,2021-05-19,07:24:00,700,196,True,2021-04-30 12:45:00,2021-05-10 06:20:00,4,644,120,False
Печатать мимо,2022-02-26,09:16:00,675,443,False,2022-02-14 11:25:00,2022-02-25 13:29:00,5,961,26,False
Увеличиваться хотеть,2021-04-04,21:53:00,520,273,True,2021-03-22 04:46:00,2021-03-30 02:21:00,4,383,992,False
Сверкать штаб дальний,2021-12-23,07:44:00,345,292,False,2021-12-10 19:22:00,2021-12-19 05:21:00,4,206,480,False
Четко помолчать,2021-01-02,11:33:00,650,24,True,2020-12-18 13:17:00,2021-01-02 02:40:00,4,807,56,False
Ночь близко,2021-09-21,23:28:00,610,9,True,2021-09-09 17:10:00,2021-09-13 03:56:00,4,434,1161,False
Носок носок гулять,2021-02-21,08:51:00,235,297,True,2021-01-30 09:13:00,2021-02-10 07:31:00,4,693,229,False
Приятель команда,2022-01-24,22:26:00,285,873,True,2021-12-31 08:48:00,2022-01-12 18:05:00,4,849,1429,False
Песенка очко,2021-06-18,14:27:00,640,761,True,2021-05-31 09:58:00,2021-06-09 13:01:00,4,883,117,False
Дыхание господь освобождение,2022-04-14,11:13:00,370,652,False,2022-03-16 02:15:00,2022-03-21 14:50:00,4,343,307,False
Князь заработать,2021-09-18,16:05:00,580,14,True,2021-09-15 16:07:00,2021-09-16 13:55:00,4,674,229,False
Затянуться горький тусклый,2022-04-02,03:45:00,315,311,True,2022-03-11 23:04:00,2022-03-16 02:38:00,4,779,1611,False
Собеседник,2022-08-29,12:27:00,210,77,False,2022-08-09 15:54:00,2022-08-14 04:35:00,4,135,1671,False
Передо художественный теория,2021-08-22,02:57:00,400,176,False,2021-08-06 07:47:00,2021-08-10 23:10:00,4,855,502,False
Выразить,2022-08-04,11:48:00,290,442,True,2022-07-06 19:07:00,2022-07-11 11:16:00,4,896,933,False
Цепочка вскинуть носок,2021-10-16,05:03:00,385,942,False,2021-09-22 22:45:00,2021-10-02 16:17:00,4,736,1241,False
Ягода указанный,2022-02-04,05:39:00,685,28,False,2022-02-03 14:11:00,2022-02-03 21:16:00,4,365,483,False
Заявление выраженный,2021-11-29,11:29:00,665,384,True,2021-11-06 20:53:00,2021-11-14 05:35:00,4,285,1528,False
Скрытый,2022-05-18,16:18:00,445,538,False,2022-05-15 23:07:00,2022-05-17 10:43:00,4,317,1470,False
Торопливый развернуться смертельный,2021-01-08,15:27:00,75,26,False,2020-12-15 21:26:00,2021-01-03 10:45:00,4,800,1537,False
Лиловый бегать,2021-01-03,18:55:00,310,537,True,2020-12-29 00:55:00,2020-12-30 16:47:00,4,522,144,False
Рассуждение видимо,2021-09-14,11:33:00,180,700,False,2021-09-02 11:12:00,2021-09-08 05:32:00,4,906,1498,False
Палка,2021-10-12,07:59:00,140,349,False,2021-10-06 07:20:00,2021-10-06 16:33:00,4,116,812,False
Выражение при,2022-09-27,23:12:00,135,852,True,2022-09-12 11:04:00,2022-09-18 15:47:00,1,827,911,False
Плавно поздравлять,2021-06-02,11:09:00,50,163,False,2021-05-08 17:44:00,2021-05-31 16:24:00,4,864,1469,False
Приличный,2021-09-10,16:11:00,300,12,False,2021-08-21 23:19:00,2021-09-08 23:05:00,4,789,1802,False
Слишком непривычный,2022-07-08,17:31:00,80,254,True,2022-06-13 11:18:00,2022-06-24 04:42:00,4,442,1446,False
Применяться медицина угроза,2021-04-25,01:08:00,165,648,False,2021-04-24 11:23:00,2021-04-24 17:34:00,4,17,985,False
Второй услать,2022-05-28,19:22:00,580,300,True,2022-05-27 16:56:00,2022-05-28 01:29:00,4,112,1671,False
Плод заведение неожиданно,2021-11-02,01:55:00,180,884,False,2021-10-08 03:44:00,2021-10-08 07:45:00,4,871,1245,False
Инструкция освобождение монета,2022-07-29,10:11:00,240,655,False,2022-07-25 17:36:00,2022-07-25 23:51:00,4,620,229,False
Ведь сомнительный демократия,2022-01-10,21:35:00,400,824,True,2022-01-03 07:51:00,2022-01-06 13:34:00,5,879,1075,False
Слишком соответствие написать,2021-12-17,05:39:00,530,891,False,2021-12-07 00:53:00,2021-12-09 13:50:00,4,292,476,False
Заявление носок освобождение,2022-06-25,03:27:00,615,416,False,2022-06-20 09:46:00,2022-06-24 07:48:00,4,28,1822,False
Основание механический ложиться прошептать,2022-08-12,03:44:00,640,183,False,2022-07-16 09:44:00,2022-07-30 10:53:00,4,779,9,False
Карандаш неожиданный,2021-04-19,23:20:00,290,935,False,2021-04-10 21:01:00,2021-04-11 17:40:00,4,922,1464,False
Зарплата витрина мелькнуть,2021-09-23,06:59:00,710,982,True,2021-09-02 20:20:00,2021-09-11 12:58:00,4,492,1034,False
Плавно ярко девка,2021-09-02,05:05:00,620,381,True,2021-08-12 05:34:00,2021-08-13 07:31:00,4,78,677,False
Ботинок рабочий ход,2022-09-17,05:25:00,335,55,False,2022-08-22 09:56:00,2022-09-14 10:43:00,1,988,867,False
Командование,2021-07-02,19:47:00,660,89,True,2021-06-21 16:50:00,2021-07-02 17:33:00,4,659,1485,False
Заплакать багровый,2022-09-21,06:35:00,605,726,False,2022-09-11 03:55:00,2022-09-12 02:15:00,2,467,786,False
Невозможно,2021-04-13,17:09:00,335,750,True,2021-04-04 14:34:00,2021-04-09 13:41:00,4,831,827,False
Спичка монета,2022-08-28,13:48:00,165,609,True,2022-08-08 02:22:00,2022-08-16 02:56:00,4,729,967,False
Сбросить,2022-09-22,21:02:00,340,494,True,2022-09-10 11:33:00,2022-09-19 13:15:00,1,561,1786,False
Доставать оставить низкий,2021-02-15,16:12:00,710,814,True,2021-02-01 11:19:00,2021-02-12 04:56:00,4,486,1155,False
Бочок песня разводить,2022-09-03,22:44:00,370,888,True,2022-08-28 06:54:00,2022-09-01 12:57:00,4,108,472,False
Вытаскивать кузнец решетка,2022-05-13,08:36:00,505,562,True,2022-05-01 05:37:00,2022-05-10 10:43:00,4,972,589,False
Интеллектуальный новый,2022-01-28,04:04:00,315,951,False,2022-01-21 21:10:00,2022-01-23 08:09:00,4,159,231,False
Да возможно тюрьма,2021-10-07,01:43:00,150,0,True,2021-09-21 03:46:00,2021-09-25 10:54:00,5,438,997,False
Чувство ведь,2021-06-28,15:47:00,40,11,True,2021-06-22 18:56:00,2021-06-24 09:08:00,4,662,294,False
Пересечь намерение,2022-02-17,00:17:00,635,944,True,2022-01-22 07:21:00,2022-02-02 15:45:00,4,350,599,False
Вперед выгнать конструкция,2021-09-18,15:25:00,160,757,True,2021-08-23 06:32:00,2021-09-13 17:48:00,4,99,1155,False
Мера совет,2022-02-25,11:35:00,690,546,True,2022-02-08 15:40:00,2022-02-19 08:16:00,5,700,631,False
Бабочка зарплата оборот,2022-05-03,05:56:00,700,623,True,2022-04-29 04:59:00,2022-05-01 04:39:00,5,710,1579,False
Радость вытаскивать серьезный,2021-12-27,08:54:00,370,349,True,2021-12-14 18:27:00,2021-12-16 03:08:00,4,58,1815,False
Упор жить налоговый,2022-03-31,02:05:00,55,984,True,2022-03-19 03:01:00,2022-03-20 17:54:00,4,622,1594,False
Актриса витрина некоторый,2021-11-05,04:18:00,330,613,False,2021-10-18 06:32:00,2021-10-24 11:19:00,4,591,619,False
Следовательно успокоиться,2021-09-18,01:02:00,180,735,False,2021-08-25 07:03:00,2021-09-12 02:51:00,4,942,379,False
Господь заплакать,2021-01-17,04:44:00,190,208,True,2020-12-21 18:15:00,2020-12-31 00:25:00,4,958,1494,False
Забирать инвалид страсть,2021-03-02,14:43:00,75,295,True,2021-02-06 08:48:00,2021-02-16 14:56:00,4,2,72,False
Товар,2022-02-20,22:13:00,505,594,False,2022-02-10 08:43:00,2022-02-17 19:04:00,4,224,1059,False
Бабочка,2021-09-18,07:40:00,130,807,False,2021-08-29 01:44:00,2021-09-02 17:22:00,4,129,773,False
Степь пространство,2021-01-28,21:36:00,120,243,True,2021-01-28 16:17:00,2021-01-28 20:20:00,4,921,804,False
Полюбить рабочий,2021-06-02,03:37:00,250,573,False,2021-05-14 00:29:00,2021-05-21 17:10:00,4,47,1742,False
Спасть,2021-10-25,07:16:00,50,436,True,2021-10-15 11:42:00,2021-10-16 02:59:00,4,70,1365,False
Цепочка цвет основание,2022-07-11,06:34:00,315,470,False,2022-06-25 13:35:00,2022-06-28 10:59:00,5,136,171,False
Миллиард командующий счастье,2021-05-05,22:25:00,380,241,True,2021-04-14 22:33:00,2021-05-02 22:11:00,5,192,1914,False
Другой через,2021-09-25,22:40:00,85,963,True,2021-09-19 13:32:00,2021-09-23 09:14:00,4,693,1713,False
Плясать монета,2022-07-14,14:32:00,85,437,True,2022-06-23 02:03:00,2022-07-13 14:38:00,4,814,864,False
Угол,2022-08-06,18:27:00,565,270,False,2022-07-20 14:45:00,2022-08-01 02:31:00,4,96,1964,False
Шлем растеряться,2021-12-10,23:01:00,470,166,True,2021-11-29 13:15:00,2021-11-29 21:08:00,4,382,279,False
Заплакать аж,2021-05-27,16:03:00,140,589,True,2021-05-16 12:46:00,2021-05-21 09:06:00,4,209,716,False
Секунда отметить разнообразный,2022-02-20,21:44:00,645,3,True,2022-02-09 19:38:00,2022-02-20 08:35:00,4,886,1863,False
Грустный грустный,2021-10-03,16:41:00,685,595,True,2021-09-06 10:23:00,2021-10-03 03:55:00,4,919,446,False
Возбуждение интеллектуальный,2022-03-25,02:56:00,450,173,False,2022-02-25 00:17:00,2022-03-09 21:11:00,4,401,494,False
Спорт сопровождаться,2021-04-09,00:25:00,450,249,True,2021-03-13 10:07:00,2021-03-15 04:48:00,4,10,1795,False
Бак господь палец,2021-07-27,23:00:00,315,84,True,2021-07-02 07:33:00,2021-07-03 08:41:00,4,142,1457,False
Эффект вывести,2022-04-15,01:35:00,130,254,False,2022-04-12 10:46:00,2022-04-13 23:19:00,4,482,493,False
Слать металл,2022-01-16,14:01:00,70,115,True,2022-01-14 06:45:00,2022-01-15 12:51:00,4,509,1553,False
Изображать район рай,2022-07-25,14:28:00,235,429,True,2022-07-21 10:22:00,2022-07-24 23:26:00,4,726,282,False
Рот покинуть единый,2021-12-10,02:50:00,465,348,False,2021-12-02 05:46:00,2021-12-09 20:24:00,4,364,1438,False
Поколение что расстегнуть,2022-04-24,06:34:00,595,232,True,2022-04-19 23:08:00,2022-04-21 17:10:00,4,812,740,False
Тревога ремень,2022-05-19,07:51:00,665,294,True,2022-04-29 07:38:00,2022-05-10 07:30:00,4,337,290,False
Металл увеличиваться коробка,2021-02-07,04:03:00,485,510,False,2021-01-09 03:07:00,2021-01-11 12:13:00,4,51,677,False
Развернуться увеличиваться юный,2021-10-21,07:21:00,115,612,True,2021-10-08 07:12:00,2021-10-15 10:12:00,4,616,1502,False
Радость опасность советовать,2021-06-29,12:27:00,185,396,False,2021-06-27 23:55:00,2021-06-28 16:01:00,4,220,1293,False
Протягивать очутиться рай,2021-04-16,02:48:00,545,208,True,2021-04-15 04:06:00,2021-04-15 16:16:00,5,695,1821,False
Сынок кольцо,2021-11-14,13:15:00,370,209,False,2021-11-01 19:35:00,2021-11-05 10:08:00,4,126,799,False
Полностью каюта исполнять,2021-05-02,20:06:00,365,733,True,2021-04-07 06:22:00,2021-04-14 01:42:00,4,602,1897,False
Дошлый металл желание карман,2022-03-31,13:23:00,490,428,True,2022-03-15 23:15:00,2022-03-21 04:28:00,4,361,690,False
Степь приятель налоговый,2022-09-15,05:42:00,365,675,True,2022-09-10 18:56:00,2022-09-14 11:35:00,1,682,1026,False
Валюта ведь уничтожение изменение,2021-11-02,17:37:00,480,262,False,2021-10-11 09:55:00,2021-10-25 21:09:00,4,824,1371,False
Дурацкий домашний мелочь,2021-10-28,10:35:00,710,657,True,2021-10-02 17:23:00,2021-10-27 16:57:00,4,687,601,False
Прежде,2022-09-27,00:17:00,155,747,True,2022-08-30 14:00:00,2022-09-14 12:59:00,5,697,1199,False
Направо грудь свежий,2021-06-24,01:53:00,390,122,True,2021-06-16 06:38:00,2021-06-19 10:04:00,4,509,349,False
Пол миг приличный,2021-07-11,21:31:00,475,61,True,2021-07-03 09:02:00,2021-07-04 19:52:00,4,416,539,False
Выраженный,2022-05-28,20:33:00,350,724,True,2022-05-13 08:36:00,2022-05-21 15:57:00,4,409,1445,False
Настать понятный граница,2021-02-04,08:13:00,645,195,False,2021-01-19 00:46:00,2021-02-03 07:43:00,4,304,761,False
Скрытый встать,2022-09-15,16:05:00,470,839,True,2022-09-02 17:54:00,2022-09-13 03:02:00,2,379,1273,False
Фонарик миф одиннадцать,2022-08-21,02:50:00,25,936,True,2022-08-04 16:43:00,2022-08-11 01:37:00,4,844,388,False
Пропадать следовательно одиннадцать,2021-10-22,01:20:00,560,776,False,2021-10-04 12:09:00,2021-10-16 13:05:00,4,294,1190,False
Палата спалить,2021-10-14,05:48:00,85,562,True,2021-09-30 20:40:00,2021-10-10 06:30:00,4,985,689,False
Доставать вытаскивать чем,2022-05-14,00:36:00,630,219,True,2022-05-13 14:04:00,2022-05-13 18:36:00,4,374,1210,False
Мрачно карман решение,2022-01-16,00:18:00,320,450,False,2022-01-03 22:44:00,2022-01-11 23:06:00,4,877,1667,False
Крутой гулять пропаганда,2021-09-27,02:55:00,430,950,False,2021-09-03 09:02:00,2021-09-08 15:19:00,4,285,1543,False
Июнь реклама дрогнуть,2021-09-29,00:23:00,630,869,True,2021-09-01 10:45:00,2021-09-17 14:21:00,4,887,1635,False
Тута,2022-04-27,10:43:00,340,275,True,2022-04-23 15:25:00,2022-04-24 23:31:00,4,943,1204,False
Сравнение,2021-05-01,10:46:00,175,445,False,2021-04-22 04:58:00,2021-04-24 09:10:00,4,764,1134,False
Промолчать дорогой,2022-05-02,11:32:00,20,93,True,2022-04-14 03:43:00,2022-04-20 23:03:00,5,543,36,False
Карман слишком посвятить,2021-02-13,11:46:00,355,913,False,2021-01-27 12:32:00,2021-01-28 14:33:00,4,194,1339,False
Покидать лапа растеряться лететь,2021-03-02,18:59:00,210,439,True,2021-02-07 22:06:00,2021-02-15 00:50:00,4,125,1999,False
Нервно,2021-03-26,03:52:00,505,860,False,2021-03-20 07:39:00,2021-03-22 17:54:00,4,728,1869,False
Направо экзамен,2021-11-25,18:42:00,305,181,False,2021-11-12 03:43:00,2021-11-23 18:02:00,4,673,1666,False
Место зима,2021-03-25,13:07:00,650,660,True,2021-03-23 10:15:00,2021-03-24 05:04:00,4,214,1713,False
Металл,2021-03-20,11:05:00,245,225,True,2021-03-08 14:05:00,2021-03-13 01:13:00,4,543,29,False
Столетие сынок рай,2022-03-04,23:44:00,660,204,True,2022-02-12 19:26:00,2022-02-28 06:52:00,4,363,161,False
Палец,2022-01-19,04:13:00,90,170,False,2021-12-25 05:43:00,2022-01-09 00:43:00,4,830,1726,False
Приличный сынок пространство,2021-10-20,15:38:00,485,758,False,2021-10-05 19:12:00,2021-10-18 21:18:00,4,997,619,False
Вариант,2021-07-09,10:34:00,390,498,True,2021-06-28 22:29:00,2021-06-29 08:26:00,4,857,1731,False
Лиловый промолчать,2021-04-26,19:04:00,25,160,False,2021-04-10 00:19:00,2021-04-14 20:22:00,5,59,1099,False
Академик развернуться около,2021-05-23,04:21:00,485,116,True,2021-04-28 13:50:00,2021-05-14 07:46:00,4,246,834,False
Премьера счастье заведение,2021-09-17,18:42:00,350,626,True,2021-09-10 16:17:00,2021-09-15 05:49:00,4,778,965,False
Встать упорно,2021-02-19,06:46:00,390,905,True,2021-02-11 03:36:00,2021-02-15 18:48:00,4,109,646,False
Ребятишки песенка,2021-03-10,07:41:00,615,260,True,2021-03-08 02:52:00,2021-03-08 15:48:00,4,416,361,False
Труп самостоятельно,2021-11-08,10:08:00,480,194,True,2021-10-10 04:24:00,2021-10-15 03:10:00,4,861,422,False
Грудь плясать ныне,2021-12-02,08:04:00,125,338,False,2021-11-14 07:07:00,2021-11-18 01:29:00,4,522,1671,False
Прежде результат,2021-12-20,02:35:00,80,949,False,2021-12-05 13:26:00,2021-12-06 15:33:00,4,768,157,False
Левый космос,2022-03-13,03:34:00,365,219,False,2022-02-17 02:34:00,2022-03-08 05:53:00,4,74,1064,False
Зеленый народ сравнение полюбить,2022-05-21,13:22:00,55,583,False,2022-05-14 12:12:00,2022-05-19 05:49:00,4,793,1868,False
Провал изменение,2021-04-11,10:08:00,435,562,True,2021-03-19 01:42:00,2021-03-23 20:41:00,4,553,401,False
Дошлый ночь,2021-06-06,04:35:00,100,209,True,2021-05-15 18:39:00,2021-05-22 18:55:00,4,500,689,False
Потрясти при страсть,2021-05-20,11:58:00,520,175,False,2021-04-28 00:32:00,2021-05-19 17:49:00,4,846,223,False
Естественный провал ленинград,2022-04-27,15:33:00,350,58,False,2022-04-01 15:24:00,2022-04-26 12:16:00,4,496,139,False
Исполнять боец,2022-09-18,08:57:00,220,770,False,2022-09-12 13:03:00,2022-09-13 01:17:00,2,774,866,False
Добиться снимать,2022-01-27,21:40:00,30,835,True,2022-01-02 04:39:00,2022-01-27 08:47:00,4,19,95,False
Да приличный порядок,2022-03-27,13:44:00,205,32,True,2022-03-24 10:27:00,2022-03-26 17:27:00,4,188,684,False
Бабочка желание успокоиться,2022-07-12,19:23:00,670,320,True,2022-07-04 18:52:00,2022-07-07 18:00:00,4,801,118,False
Растеряться растеряться,2022-06-12,19:09:00,310,628,True,2022-05-16 21:01:00,2022-05-21 06:57:00,4,856,533,False
Передо пятеро головной,2022-09-28,23:15:00,350,72,False,2022-09-19 11:42:00,2022-09-23 20:12:00,0,824,655,False
Горький холодно,2022-09-14,04:38:00,695,4,False,2022-08-26 12:39:00,2022-09-12 09:05:00,2,419,1105,False
Зато кпсс,2021-05-11,13:43:00,485,549,True,2021-04-27 05:29:00,2021-04-30 20:58:00,4,735,477,False
Прежний место дорогой,2022-09-28,06:16:00,395,449,False,2022-09-04 07:57:00,2022-09-13 02:42:00,2,724,1960,False
Вообще добиться,2022-04-17,16:11:00,395,672,False,2022-03-28 05:42:00,2022-04-03 02:00:00,4,48,1142,False
Палка неправда наступать,2021-06-22,19:28:00,600,498,True,2021-06-10 22:29:00,2021-06-22 09:37:00,4,372,917,False
Счастье деловой металл,2021-04-01,19:21:00,485,501,False,2021-03-17 06:24:00,2021-03-26 12:31:00,4,624,1290,False
Голубчик команда,2021-01-27,18:56:00,425,905,True,2020-12-29 21:50:00,2021-01-27 00:35:00,4,106,190,False
Прошептать совет тревога,2022-01-19,02:38:00,85,845,False,2022-01-12 13:09:00,2022-01-15 08:55:00,5,862,389,False
Через аллея,2021-08-10,15:33:00,35,687,True,2021-07-19 12:36:00,2021-08-09 10:57:00,4,509,1787,False
Вскакивать зарплата,2021-07-07,22:39:00,575,635,False,2021-07-06 03:57:00,2021-07-06 23:08:00,4,964,1171,False
Коробка военный,2021-04-10,00:35:00,425,698,True,2021-03-20 17:39:00,2021-03-23 17:21:00,4,230,884,False
Степь,2022-09-25,01:35:00,310,912,False,2022-09-23 03:24:00,2022-09-24 16:12:00,5,126,358,False
Рота проход порт,2021-06-27,19:25:00,305,136,False,2021-06-16 19:35:00,2021-06-19 19:53:00,4,2,669,False
Свежий пятеро,2021-11-09,00:30:00,280,446,True,2021-10-29 19:22:00,2021-11-02 17:52:00,4,531,688,False
Посидеть упор задержать,2022-07-06,07:47:00,445,266,True,2022-07-01 10:18:00,2022-07-02 06:40:00,4,1000,956,False
Эффект падать присесть,2022-01-30,09:02:00,315,894,True,2022-01-01 01:28:00,2022-01-19 03:28:00,4,621,1181,False
Непривычный торопливый,2021-10-25,07:58:00,160,964,True,2021-10-02 20:48:00,2021-10-24 09:55:00,4,141,950,False
Вперед смеяться столетие,2022-03-09,00:20:00,215,830,True,2022-03-03 08:01:00,2022-03-03 22:32:00,4,473,101,False
Социалистический сомнительный торговля девка,2021-11-13,03:21:00,515,278,False,2021-10-14 21:11:00,2021-11-04 10:08:00,4,770,342,False
Уничтожение трубка,2021-09-21,17:18:00,530,533,False,2021-09-16 15:10:00,2021-09-17 04:12:00,4,207,1082,False
Обида выдержать угроза,2021-09-19,23:41:00,50,697,False,2021-08-22 08:23:00,2021-09-14 00:51:00,4,413,1137,False
Полностью,2022-04-25,22:55:00,685,672,True,2022-04-21 05:32:00,2022-04-25 19:16:00,4,16,1694,False
Казнь уничтожение ответить,2022-08-30,10:42:00,260,169,True,2022-08-13 04:40:00,2022-08-25 13:38:00,4,960,1736,False
Единый ночь танцевать носок,2022-05-31,11:49:00,370,29,True,2022-05-16 12:19:00,2022-05-29 00:30:00,4,696,1456,False
Зато запеть тюрьма,2021-12-08,05:09:00,685,18,False,2021-11-23 01:26:00,2021-11-25 22:52:00,4,62,322,False
Спорт жидкий,2022-02-24,04:59:00,605,474,False,2022-02-22 19:21:00,2022-02-24 00:56:00,4,7,326,False
Потянуться ручей,2022-07-11,03:54:00,565,898,False,2022-06-23 20:52:00,2022-06-25 06:57:00,4,412,277,False
Беспомощный запеть,2021-10-13,05:11:00,390,244,False,2021-10-03 13:51:00,2021-10-06 21:34:00,4,864,717,False
Дурацкий что,2021-11-07,04:36:00,40,640,False,2021-10-30 06:13:00,2021-11-02 18:39:00,4,699,1064,False
Триста выдержать висеть,2022-03-15,13:53:00,245,425,False,2022-03-01 05:08:00,2022-03-11 23:24:00,4,438,1702,False
Прежний постоянный палка,2021-01-08,12:38:00,620,981,False,2020-12-31 11:06:00,2021-01-01 06:01:00,4,853,1599,False
Конструкция потом уточнить зато,2021-02-28,16:48:00,125,902,False,2021-02-12 14:55:00,2021-02-13 15:54:00,4,881,1442,False
Посвятить а,2022-05-12,06:15:00,470,521,True,2022-04-18 12:03:00,2022-04-28 05:21:00,4,36,574,False
Зачем товар наслаждение,2022-07-20,09:37:00,85,236,True,2022-07-08 21:19:00,2022-07-20 09:09:00,4,2,1308,False
Предоставить миг,2022-07-13,07:26:00,485,230,False,2022-07-12 02:28:00,2022-07-12 21:24:00,5,788,1840,False
Выкинуть сустав,2022-02-25,12:18:00,615,429,True,2022-02-13 18:17:00,2022-02-24 20:33:00,4,479,458,False
Строительство а,2021-08-31,23:29:00,620,211,True,2021-08-07 20:15:00,2021-08-15 07:58:00,4,920,1243,False
Ставить монета мимо,2021-08-24,11:32:00,690,859,False,2021-08-23 10:02:00,2021-08-24 01:25:00,4,115,993,False
Бак возмутиться,2022-06-13,22:22:00,720,530,True,2022-05-23 20:54:00,2022-06-07 14:35:00,4,225,761,False
Устройство функция,2021-02-16,05:36:00,195,687,True,2021-01-25 17:04:00,2021-02-10 17:38:00,4,452,1082,False
Очко достоинство,2021-06-04,13:43:00,50,283,False,2021-05-21 23:09:00,2021-05-26 05:51:00,4,185,761,False
Через сохранять,2021-02-26,23:18:00,320,188,False,2021-02-24 07:27:00,2021-02-25 10:23:00,4,127,1303,False
Природа полевой задрать,2022-03-11,03:45:00,435,317,False,2022-02-26 12:58:00,2022-02-28 05:42:00,4,652,402,False
Способ помолчать,2021-04-20,21:31:00,270,449,False,2021-04-03 04:44:00,2021-04-04 00:17:00,4,876,1757,False
Правый очко правление,2022-05-07,12:46:00,445,694,True,2022-04-24 04:31:00,2022-04-30 05:54:00,4,449,451,False
Военный деньги необычный,2021-11-21,20:15:00,130,530,True,2021-11-14 14:53:00,2021-11-15 03:42:00,4,660,276,False
Интернет нервно командование,2022-07-22,08:46:00,130,245,True,2022-07-01 06:50:00,2022-07-16 09:09:00,4,97,320,False
Еврейский совет полюбить,2022-02-13,00:32:00,505,188,False,2022-01-16 10:34:00,2022-01-28 09:11:00,4,291,1832,False
Очередной кольцо темнеть,2021-02-07,09:45:00,105,130,True,2021-01-12 22:21:00,2021-02-03 16:18:00,4,286,1167,False
Голубчик темнеть ныне,2022-04-08,15:02:00,365,109,True,2022-03-20 20:24:00,2022-04-02 03:40:00,4,959,921,False
Место неудобно,2021-05-07,04:46:00,190,763,False,2021-04-11 15:04:00,2021-04-29 11:12:00,4,365,1200,False
Выражение счастье,2021-01-03,03:49:00,375,858,False,2020-12-13 06:08:00,2020-12-24 18:15:00,4,867,1991,False
Назначить сынок точно,2022-07-02,01:55:00,440,982,False,2022-06-23 04:30:00,2022-07-01 02:15:00,4,953,1218,False
Процесс освободить,2021-07-13,06:42:00,160,561,False,2021-06-14 09:23:00,2021-06-22 00:58:00,4,560,1246,False
Вытаскивать интеллектуальный,2022-07-08,03:38:00,315,443,True,2022-06-22 04:37:00,2022-07-01 18:29:00,4,405,421,False
Отдел носок,2022-02-15,04:45:00,90,770,True,2022-01-22 07:20:00,2022-01-25 03:10:00,4,538,1767,False
Присесть собеседник,2021-06-15,13:26:00,320,827,False,2021-06-13 21:02:00,2021-06-14 13:50:00,4,349,1013,False
Рай увеличиваться даль,2022-01-27,10:04:00,545,675,False,2022-01-18 10:06:00,2022-01-26 05:40:00,4,358,1711,False
Вздрогнуть,2021-05-21,23:11:00,655,808,True,2021-05-17 23:46:00,2021-05-19 13:52:00,4,765,662,False
Руководитель разводить,2022-08-21,07:43:00,555,462,False,2022-08-06 09:35:00,2022-08-13 11:06:00,4,196,866,False
Голубчик секунда,2021-08-25,06:12:00,440,156,False,2021-08-21 00:45:00,2021-08-24 04:21:00,5,477,178,False
Прелесть смеяться наткнуться,2021-07-30,09:01:00,630,838,True,2021-07-19 12:08:00,2021-07-23 07:13:00,4,303,1612,False
Ломать труп,2022-01-18,20:06:00,445,449,False,2022-01-07 23:37:00,2022-01-11 17:35:00,4,326,1980,False
Редактор банда,2021-08-09,03:11:00,500,54,False,2021-07-12 02:51:00,2021-07-29 12:19:00,4,830,1611,False
Рай остановить очко,2021-02-18,06:30:00,275,86,False,2021-01-27 13:03:00,2021-02-09 20:12:00,4,60,845,False
Наслаждение упор легко,2022-06-28,21:43:00,15,118,True,2022-06-05 00:49:00,2022-06-05 21:09:00,4,31,1235,False
Крутой коммунизм пропадать,2021-10-17,21:26:00,575,61,True,2021-10-17 19:10:00,2021-10-17 20:18:00,4,133,1652,False
Ярко пастух дьявол,2022-01-29,23:04:00,95,85,False,2022-01-08 10:14:00,2022-01-27 20:07:00,4,435,1106,False
Невыносимый выбирать космос,2021-05-28,02:39:00,230,503,False,2021-05-27 04:00:00,2021-05-27 05:47:00,4,546,255,False
Команда рабочий голубчик,2022-02-09,19:57:00,695,404,False,2022-01-30 05:43:00,2022-02-03 16:45:00,4,91,1328,False
Вытаскивать,2022-03-21,16:42:00,460,882,False,2022-03-03 12:11:00,2022-03-08 00:10:00,4,17,738,False
Угодный полностью,2022-04-09,15:35:00,90,895,False,2022-03-19 11:19:00,2022-03-30 18:22:00,4,261,194,False
Помолчать табак,2021-05-03,16:39:00,680,424,False,2021-04-20 16:56:00,2021-04-26 16:15:00,4,93,1155,False
Рота процесс провинция падаль,2022-08-13,15:05:00,720,206,True,2022-08-01 03:28:00,2022-08-13 05:17:00,4,724,1757,False
Услать эффект горький,2022-08-24,18:39:00,695,856,False,2022-08-04 13:54:00,2022-08-06 08:06:00,4,306,598,False
Неожиданный миг господь,2021-01-25,22:51:00,190,627,False,2021-01-06 14:09:00,2021-01-19 04:13:00,4,479,141,False
Горький советовать нервно,2021-09-05,18:37:00,15,37,False,2021-08-28 21:13:00,2021-08-30 07:26:00,4,804,315,False
Разводить второй находить,2022-09-28,10:27:00,230,337,True,2022-09-06 13:43:00,2022-09-12 17:23:00,2,560,240,False
Близко наткнуться,2021-11-28,12:05:00,440,707,True,2021-11-19 11:49:00,2021-11-24 20:34:00,4,677,695,False
Военный сынок,2021-04-25,13:46:00,45,216,True,2021-03-31 05:06:00,2021-04-23 07:22:00,4,26,285,False
Зима космос славный мрачно,2021-09-17,00:38:00,570,282,True,2021-09-08 09:03:00,2021-09-13 14:03:00,4,429,1841,False
Монета обида пересечь,2021-08-21,00:25:00,60,436,False,2021-08-10 15:31:00,2021-08-11 09:06:00,4,480,670,False
Манера мальчишка,2021-05-25,12:35:00,130,983,False,2021-05-02 02:45:00,2021-05-21 06:08:00,4,637,1806,False
Набор инвалид,2021-05-31,08:55:00,420,692,False,2021-05-17 21:12:00,2021-05-28 06:14:00,4,108,1493,False
Устройство налево висеть,2021-04-28,07:05:00,435,725,True,2021-04-15 17:46:00,2021-04-18 15:25:00,4,676,180,False
Теория цепочка мучительно,2021-09-17,04:31:00,35,234,True,2021-08-30 19:12:00,2021-09-03 06:53:00,4,39,154,False
Степь вздрагивать приличный,2021-12-27,09:20:00,230,645,False,2021-12-04 00:50:00,2021-12-14 22:09:00,4,224,938,False
Поезд спичка,2021-11-17,03:27:00,525,104,False,2021-10-20 16:15:00,2021-10-23 20:28:00,4,156,587,False
Место,2022-03-17,20:11:00,715,978,False,2022-02-17 20:08:00,2022-02-28 04:38:00,4,665,1563,False
Вскинуть дальний,2021-08-31,21:50:00,345,826,True,2021-08-12 17:58:00,2021-08-19 05:28:00,4,189,1181,False
Выразить банк,2021-04-30,20:17:00,655,838,True,2021-04-07 20:31:00,2021-04-27 16:33:00,4,47,975,False
Исследование близко тесно,2021-11-22,14:26:00,560,706,False,2021-11-13 05:37:00,2021-11-22 13:54:00,4,262,731,False
Торопливый ботинок наткнуться,2022-07-13,08:13:00,545,617,True,2022-06-15 21:43:00,2022-07-07 22:26:00,4,975,1003,False
Плод жидкий спалить,2022-06-23,09:15:00,630,129,False,2022-06-15 19:44:00,2022-06-17 15:42:00,4,553,1215,False
Похороны художественный ленинград,2021-03-12,09:39:00,565,278,True,2021-03-02 16:12:00,2021-03-09 14:46:00,4,742,1239,False
Вытаскивать спорт,2021-11-25,13:34:00,570,813,False,2021-11-08 06:21:00,2021-11-19 23:35:00,4,118,819,False
Дальний ведь правление,2021-04-26,22:55:00,665,316,True,2021-03-31 21:16:00,2021-04-17 04:33:00,4,742,70,False
Житель правый,2022-09-30,09:59:00,505,604,False,2022-09-05 11:15:00,2022-09-06 10:31:00,2,209,1618,False
Добиться конструкция,2022-06-04,20:17:00,200,667,True,2022-05-07 01:42:00,2022-05-29 11:10:00,4,960,1119,False
Триста чем сомнительный,2022-06-03,17:14:00,290,615,True,2022-05-22 23:13:00,2022-05-31 09:44:00,4,355,242,False
Угодный недостаток,2022-01-30,13:31:00,55,525,True,2022-01-22 01:28:00,2022-01-26 13:05:00,4,205,1296,False
Вскакивать адвокат покинуть мотоцикл,2022-09-21,09:00:00,485,791,True,2022-09-09 13:41:00,2022-09-15 10:04:00,1,594,1159,False
Следовательно недостаток,2021-05-27,15:51:00,610,247,False,2021-05-02 06:33:00,2021-05-06 08:14:00,4,701,1127,False
Полевой правление сохранять,2022-09-20,04:31:00,500,889,False,2022-08-21 22:21:00,2022-09-11 12:28:00,2,787,314,False
Выкинуть тысяча,2021-07-25,01:15:00,125,305,True,2021-07-16 22:39:00,2021-07-19 02:59:00,4,178,1836,False
Зачем сбросить вскакивать,2022-06-04,22:38:00,370,144,False,2022-05-30 10:14:00,2022-06-02 03:43:00,4,532,1239,False
Ботинок виднеться,2021-12-03,12:10:00,75,45,False,2021-11-22 10:19:00,2021-11-30 02:18:00,4,379,941,False
Важный валюта,2022-08-04,03:21:00,345,883,True,2022-07-10 20:12:00,2022-07-11 00:52:00,4,711,1318,False
Передо четко вчера четко,2021-08-16,19:27:00,75,993,False,2021-07-31 08:16:00,2021-08-09 16:43:00,4,24,388,False
Парень опасность более,2022-08-19,23:47:00,365,758,False,2022-08-18 07:57:00,2022-08-19 10:19:00,4,297,1326,False
Приятель магазин,2021-09-23,10:26:00,260,708,False,2021-09-12 22:54:00,2021-09-20 07:29:00,4,522,1851,False
Тревога слишком,2021-05-16,00:39:00,405,711,True,2021-04-21 13:32:00,2021-05-01 07:21:00,4,348,1868,False
Необычный куча процесс необычный,2021-06-20,20:21:00,375,483,False,2021-06-13 23:26:00,2021-06-14 05:43:00,4,653,732,False
Спешить спичка,2022-06-22,08:56:00,300,782,False,2022-06-02 10:52:00,2022-06-05 06:58:00,4,495,1511,False
Спешить госпожа прощение бровь,2022-05-12,15:10:00,355,547,False,2022-05-01 21:49:00,2022-05-04 01:55:00,4,259,32,False
Правление экзамен,2022-04-20,08:36:00,95,986,True,2022-04-19 09:59:00,2022-04-19 13:28:00,4,745,907,False
Пропасть монета,2022-05-23,23:51:00,500,105,False,2022-05-17 23:07:00,2022-05-22 15:32:00,4,601,1064,False
Правый бровь,2022-09-02,10:30:00,645,476,True,2022-08-08 09:33:00,2022-08-29 05:42:00,4,805,1297,False
Уничтожение успокоиться,2021-12-11,01:11:00,655,507,True,2021-12-05 18:36:00,2021-12-11 00:44:00,4,87,1031,False
Потом исследование дружно,2022-09-11,05:31:00,585,369,False,2022-08-16 16:45:00,2022-09-02 07:20:00,4,933,1431,False
Салон вскинуть радость,2021-03-19,16:05:00,385,683,False,2021-02-23 19:31:00,2021-03-05 13:18:00,4,585,364,False
Светило салон пропасть,2022-08-21,22:56:00,280,754,False,2022-08-12 07:17:00,2022-08-16 21:10:00,4,449,1188,False
Применяться потянуться хозяйка,2022-02-23,18:30:00,45,584,True,2022-01-26 14:44:00,2022-02-20 11:03:00,4,294,1000,False
Дорогой что,2021-06-02,14:38:00,120,61,False,2021-05-24 03:25:00,2021-05-28 09:07:00,4,994,1249,False
Серьезный умирать,2022-04-28,10:42:00,330,798,True,2022-04-01 14:43:00,2022-04-04 21:55:00,4,708,873,False
Коллектив,2022-09-23,22:46:00,585,448,False,2022-09-10 02:39:00,2022-09-14 21:54:00,1,310,652,False
Передо угол,2021-12-04,15:10:00,150,487,False,2021-11-16 16:56:00,2021-11-28 04:24:00,4,734,1536,False
Близко провал устройство,2021-02-19,23:18:00,685,541,False,2021-01-27 03:57:00,2021-01-31 18:50:00,4,308,1414,False
Пол правый вариант,2021-05-23,23:34:00,40,166,True,2021-05-06 06:42:00,2021-05-07 03:27:00,4,34,963,False
Неудобно страсть мимо потрясти,2021-03-06,12:47:00,260,267,False,2021-02-06 15:47:00,2021-02-08 13:21:00,5,918,650,False
Угроза банк оборот,2022-07-11,01:13:00,235,916,True,2022-07-01 21:06:00,2022-07-02 14:25:00,4,652,1978,False
Прошептать приятель народ возмутиться,2021-04-24,16:57:00,285,178,True,2021-04-19 20:02:00,2021-04-22 22:19:00,4,151,1776,False
Деньги военный космос,2022-01-14,04:34:00,380,708,False,2021-12-30 12:25:00,2022-01-08 18:54:00,4,563,1279,False
Рота социалистический что,2022-09-07,03:18:00,695,863,False,2022-08-30 09:42:00,2022-08-31 19:29:00,5,402,431,False
Приятель песенка тяжелый,2022-03-29,10:29:00,530,675,True,2022-03-11 04:37:00,2022-03-11 22:48:00,4,741,872,False
Оборот поймать что,2021-05-21,10:43:00,655,386,True,2021-04-29 19:13:00,2021-05-06 05:27:00,4,288,974,False
Научить песенка,2021-08-11,12:44:00,405,98,True,2021-07-20 03:24:00,2021-08-07 01:24:00,4,787,925,False
Кузнец пропадать при,2021-11-10,06:59:00,105,626,True,2021-10-26 21:31:00,2021-10-29 04:44:00,4,992,1763,False
Монета возбуждение,2021-12-15,14:32:00,65,171,False,2021-12-04 09:46:00,2021-12-10 02:32:00,4,538,24,False
Темнеть второй холодно,2021-12-08,17:09:00,650,337,True,2021-12-03 10:28:00,2021-12-06 02:51:00,4,802,564,False
Сынок,2022-08-05,14:58:00,390,91,False,2022-07-12 14:13:00,2022-07-21 07:41:00,4,130,1587,False
Сынок вскакивать госпожа заплакать,2022-03-08,23:35:00,210,395,True,2022-02-08 21:13:00,2022-03-02 11:48:00,4,859,421,False
Сомнительный заведение,2021-08-07,14:59:00,255,955,False,2021-07-23 14:41:00,2021-07-30 07:57:00,4,266,1910,False
Пространство коробка,2022-04-08,22:59:00,475,767,True,2022-03-17 21:08:00,2022-04-05 12:34:00,4,280,1211,False
Ставить виднеться,2022-03-21,20:56:00,670,304,True,2022-03-19 23:44:00,2022-03-21 11:57:00,4,913,60,False
Роса прощение,2021-10-11,20:35:00,560,639,True,2021-10-04 07:32:00,2021-10-05 04:19:00,4,368,190,False
Медицина парень уронить,2021-06-11,21:44:00,600,650,False,2021-06-02 08:39:00,2021-06-08 18:30:00,4,10,1727,False
Покидать отъезд,2022-07-08,08:24:00,540,248,True,2022-06-12 20:23:00,2022-07-02 06:46:00,4,399,1202,False
Дрогнуть висеть мелочь,2022-02-07,17:49:00,135,881,True,2022-01-17 19:58:00,2022-02-04 04:00:00,4,820,11,False
Белье космос рис жестокий,2021-05-01,17:34:00,440,423,False,2021-04-07 11:20:00,2021-04-19 07:42:00,4,722,830,False
Ход написать,2021-02-08,20:17:00,585,417,False,2021-01-18 13:07:00,2021-01-24 23:22:00,5,33,776,False
Столетие следовательно головка лиловый,2022-06-08,05:51:00,510,588,True,2022-05-16 19:57:00,2022-06-04 06:35:00,4,197,296,False
Поставить,2022-07-25,07:58:00,565,790,False,2022-07-16 01:58:00,2022-07-24 13:55:00,4,59,1213,False
Угол плавно прелесть привлекать,2021-03-16,06:19:00,675,959,True,2021-03-09 02:12:00,2021-03-11 07:11:00,4,229,127,False
Тревога грудь,2022-07-22,22:34:00,565,209,False,2022-07-18 00:33:00,2022-07-21 15:45:00,4,49,1866,False
Успокоиться теория собеседник,2021-05-11,14:47:00,505,98,True,2021-05-07 02:47:00,2021-05-09 18:22:00,4,633,349,False
Поймать постоянный анализ,2021-06-08,02:39:00,300,412,False,2021-05-16 23:50:00,2021-06-01 10:55:00,4,483,1280,False
Умирать дрогнуть кпсс,2021-06-07,20:44:00,100,499,True,2021-05-13 06:42:00,2021-06-02 16:32:00,4,570,297,False
Более носок приличный,2022-07-22,13:37:00,430,614,False,2022-07-01 10:12:00,2022-07-12 00:46:00,4,146,1348,False
Художественный,2022-02-07,06:33:00,245,641,False,2022-01-28 10:40:00,2022-02-01 03:13:00,4,375,317,False
Виднеться,2021-12-11,04:11:00,470,726,True,2021-11-27 03:38:00,2021-11-29 16:56:00,4,650,442,False
Каюта металл очередной,2021-03-30,21:36:00,425,888,True,2021-03-25 05:01:00,2021-03-27 08:05:00,4,749,435,False
Смертельный присесть сутки,2021-10-14,18:54:00,685,951,False,2021-09-18 09:46:00,2021-09-24 00:56:00,4,154,1587,False
Уронить остановить число заложить,2021-09-16,19:42:00,395,299,False,2021-09-03 17:30:00,2021-09-11 15:14:00,4,298,1755,False
Спорт июнь,2021-04-19,21:10:00,50,845,False,2021-03-21 23:27:00,2021-04-05 07:08:00,4,403,1072,False
Еврейский сопровождаться интернет тюрьма,2022-02-08,18:42:00,375,242,True,2022-01-21 06:33:00,2022-02-07 11:49:00,4,806,999,False
Выраженный выразить,2022-05-21,02:42:00,75,969,False,2022-05-07 04:07:00,2022-05-17 07:21:00,4,573,708,False
Интеллектуальный,2022-05-19,04:06:00,465,272,False,2022-05-17 17:30:00,2022-05-18 19:21:00,4,551,1407,False
Подземный что посвятить,2021-09-18,08:43:00,705,840,False,2021-09-13 21:26:00,2021-09-14 04:16:00,4,695,1514,False
Инфекция палата,2022-05-08,08:55:00,410,484,False,2022-05-06 11:04:00,2022-05-07 15:45:00,4,870,1763,False
Инфекция,2021-08-20,21:32:00,380,616,True,2021-08-20 03:23:00,2021-08-20 13:57:00,4,835,366,False
Рот написать,2021-11-18,22:03:00,660,450,True,2021-11-18 21:07:00,2021-11-18 21:54:00,4,829,854,False
Бровь коричневый,2021-05-21,19:47:00,650,425,True,2021-05-07 23:14:00,2021-05-08 00:31:00,5,368,772,False
Сынок манера,2021-06-05,21:13:00,585,811,True,2021-05-18 15:12:00,2021-05-26 21:33:00,4,244,1368,False
Мальчишка бетонный второй,2022-08-19,11:33:00,370,637,False,2022-07-28 08:39:00,2022-08-08 13:39:00,4,141,641,False
Деловой прощение,2022-05-03,10:56:00,360,755,True,2022-04-29 11:39:00,2022-05-03 00:02:00,4,452,150,False
Угроза еврейский мягкий,2021-03-03,08:10:00,435,178,False,2021-02-12 03:48:00,2021-02-15 21:47:00,4,22,1539,False
Плавно процесс,2021-11-07,22:38:00,195,932,False,2021-10-21 16:04:00,2021-10-22 10:07:00,4,597,1810,False
Невозможно ручей,2022-05-01,02:40:00,315,908,True,2022-04-29 19:14:00,2022-04-29 23:55:00,4,790,23,False
Намерение прежний место,2022-05-18,21:19:00,225,633,False,2022-04-29 10:40:00,2022-05-13 19:59:00,4,976,162,False
Выраженный пятеро,2021-09-04,08:50:00,230,450,True,2021-08-30 20:12:00,2021-08-31 18:55:00,4,583,1597,False
Издали миф достоинство,2022-09-11,18:13:00,215,580,False,2022-08-22 00:34:00,2022-09-11 17:16:00,4,778,443,False
Что избегать второй,2021-07-31,21:46:00,65,490,False,2021-07-11 12:00:00,2021-07-23 00:54:00,4,975,158,False
Услать инструкция печатать хлеб,2022-09-09,17:18:00,540,651,True,2022-08-17 05:38:00,2022-09-06 01:09:00,4,666,89,False
Процесс правый,2021-02-04,00:51:00,345,71,False,2021-01-08 22:44:00,2021-01-26 22:30:00,4,253,25,False
Армейский присесть конференция упор,2021-05-05,07:51:00,170,25,True,2021-04-26 20:32:00,2021-05-02 14:36:00,4,743,288,False
Карандаш триста,2022-06-04,14:52:00,260,54,False,2022-05-26 04:07:00,2022-05-29 10:37:00,4,462,548,False
Угодный плод костер,2021-05-11,01:22:00,650,393,True,2021-04-11 12:13:00,2021-04-20 13:22:00,4,974,1627,False
Белье упорно,2021-02-07,04:58:00,250,769,True,2021-01-15 06:20:00,2021-01-27 14:34:00,4,778,1725,False
Решение бок цепочка,2022-06-22,23:59:00,615,112,True,2022-05-24 17:42:00,2022-06-12 13:13:00,4,421,725,False
Триста роса,2021-03-29,05:54:00,125,593,False,2021-03-05 21:10:00,2021-03-28 16:28:00,4,558,52,False
Советовать умолять,2021-02-20,06:59:00,145,185,False,2021-01-25 08:22:00,2021-02-16 13:40:00,4,972,290,False
Присесть сынок,2022-08-07,09:17:00,180,898,True,2022-07-22 05:49:00,2022-07-24 14:15:00,4,816,1857,False
Манера построить,2022-04-01,04:26:00,295,521,True,2022-03-23 06:43:00,2022-03-24 00:23:00,4,807,1418,False
Кидать инструкция,2022-07-16,15:34:00,515,552,True,2022-06-17 09:34:00,2022-06-27 07:25:00,4,701,1187,False
Металл советовать,2022-04-20,23:00:00,680,984,False,2022-04-17 06:55:00,2022-04-19 07:25:00,4,625,784,False
Порог находить нож уточнить,2022-06-15,15:02:00,140,108,True,2022-06-11 13:27:00,2022-06-14 08:28:00,4,937,869,False
Зачем домашний полюбить,2022-04-20,12:41:00,140,127,True,2022-04-03 10:19:00,2022-04-20 08:47:00,4,250,249,False
Результат,2022-07-12,09:04:00,100,24,True,2022-06-14 02:20:00,2022-06-17 05:21:00,4,991,519,False
Порода бровь зарплата,2021-03-23,05:28:00,515,228,False,2021-02-24 17:01:00,2021-03-18 22:07:00,4,799,619,False
Командир некоторый инструкция,2022-06-05,22:05:00,325,29,False,2022-05-19 14:24:00,2022-05-20 09:59:00,4,114,1650,False
Засунуть расстегнуть сопровождаться,2021-02-23,17:27:00,610,5,True,2021-01-28 19:14:00,2021-02-16 23:53:00,4,187,1528,False
Мгновение пробовать расстройство,2021-06-06,08:28:00,325,810,False,2021-05-29 19:14:00,2021-06-03 19:37:00,4,178,883,False
Процесс мотоцикл запеть инструкция,2021-10-06,12:10:00,335,735,True,2021-09-24 08:01:00,2021-10-01 19:29:00,4,879,1000,False
Отъезд солнце один,2021-04-29,05:26:00,465,522,True,2021-04-11 20:35:00,2021-04-28 18:42:00,4,518,804,False
Выбирать поезд слишком,2021-02-16,21:07:00,365,521,True,2021-01-26 08:40:00,2021-02-01 12:19:00,4,302,548,False
Адвокат поезд голубчик,2022-08-13,03:31:00,80,437,True,2022-07-31 09:42:00,2022-08-07 00:53:00,5,322,1266,False
Решение тесно,2022-05-02,14:17:00,540,766,False,2022-04-25 21:04:00,2022-04-29 18:03:00,4,123,981,False
Понятный художественный,2022-07-11,16:36:00,300,715,True,2022-06-24 18:33:00,2022-06-30 19:29:00,4,942,1602,False
Неожиданный набор ручей,2021-03-10,13:19:00,420,104,True,2021-03-09 09:14:00,2021-03-09 09:45:00,4,690,1585,False
Налево бок,2022-08-22,08:00:00,150,455,False,2022-07-31 10:34:00,2022-08-14 03:33:00,4,535,287,False
Каюта сынок дьявол,2021-12-20,08:30:00,280,171,True,2021-11-29 15:57:00,2021-12-14 08:49:00,4,725,599,False
Угроза,2021-03-03,03:14:00,115,731,True,2021-02-06 11:39:00,2021-02-14 16:52:00,4,669,1995,False
Горький ложиться уничтожение тусклый,2021-11-04,10:50:00,430,631,False,2021-10-22 09:18:00,2021-10-31 19:58:00,4,249,1469,False
Недостаток сынок,2022-07-12,04:46:00,565,245,True,2022-07-06 06:41:00,2022-07-10 16:18:00,4,392,532,False
Доставать человечек мрачно,2022-04-16,03:24:00,180,416,False,2022-04-01 05:41:00,2022-04-08 16:27:00,4,547,1676,False
Ответить отметить сохранять,2022-01-20,20:31:00,185,239,True,2022-01-02 22:59:00,2022-01-03 18:19:00,4,496,767,False
Слать полоска,2021-09-22,05:53:00,115,913,True,2021-09-02 14:46:00,2021-09-18 16:13:00,4,498,1918,False
Развитый,2021-01-22,17:51:00,585,563,True,2021-01-18 11:54:00,2021-01-19 19:29:00,4,274,1764,False
Ботинок,2021-04-12,18:45:00,215,451,True,2021-03-19 00:47:00,2021-04-11 01:38:00,4,237,937,False
Задержать услать,2022-04-01,18:03:00,710,828,True,2022-03-17 16:36:00,2022-03-29 20:01:00,4,548,32,False
Посидеть остановить,2021-09-04,12:34:00,320,168,True,2021-08-22 07:46:00,2021-08-26 22:07:00,5,587,1121,False
Художественный ложиться шлем,2021-10-22,06:34:00,80,170,True,2021-10-10 14:33:00,2021-10-19 03:15:00,4,848,77,False
Витрина возмутиться пламя,2021-01-10,00:27:00,190,117,True,2020-12-17 17:33:00,2020-12-25 06:54:00,4,890,739,False
Процесс приятель применяться,2022-05-03,17:51:00,560,184,False,2022-04-12 13:35:00,2022-04-21 17:58:00,4,846,576,False
Следовательно совещание спичка,2021-04-03,19:33:00,500,439,True,2021-04-02 19:44:00,2021-04-03 07:46:00,4,948,489,False
Вчера посидеть развернуться,2021-07-11,10:45:00,440,664,False,2021-06-27 05:40:00,2021-06-30 14:25:00,4,702,170,False
Один,2021-03-08,21:28:00,175,829,True,2021-02-07 23:48:00,2021-02-21 18:12:00,4,569,215,False
Ленинград сынок человечек,2022-09-15,09:33:00,405,936,True,2022-09-12 13:24:00,2022-09-13 15:58:00,1,236,102,False
Пламя печатать беспомощный,2022-03-27,10:02:00,385,556,True,2022-03-21 21:37:00,2022-03-21 22:58:00,4,301,1148,False
Палец экзамен настать,2021-11-14,00:30:00,425,522,False,2021-11-02 18:07:00,2021-11-06 21:09:00,4,535,591,False
Художественный подземный,2021-12-13,05:53:00,60,500,True,2021-12-13 03:23:00,2021-12-13 05:15:00,4,963,653,False
Академик второй непривычный,2022-08-25,09:10:00,170,440,True,2022-08-12 05:05:00,2022-08-22 00:14:00,4,524,640,False
Покидать,2022-09-25,23:18:00,465,832,True,2022-09-06 01:22:00,2022-09-22 09:41:00,5,762,1971,False
Радость способ господь,2022-04-30,04:03:00,155,644,False,2022-04-05 18:12:00,2022-04-07 14:01:00,4,162,1490,False
Потянуться мера фонарик,2021-05-29,04:16:00,410,445,False,2021-05-08 18:28:00,2021-05-11 21:39:00,4,433,919,False
Сверкающий сустав,2021-08-06,20:11:00,380,846,False,2021-07-08 00:32:00,2021-07-13 06:37:00,4,226,528,False
Бочок передо,2021-07-07,07:13:00,420,646,False,2021-07-01 18:56:00,2021-07-06 01:56:00,4,874,553,False
Мелочь порода,2021-05-15,06:42:00,685,693,False,2021-05-08 12:11:00,2021-05-14 14:39:00,4,612,822,False
Покинуть некоторый решетка,2021-03-25,07:34:00,350,400,True,2021-03-13 18:42:00,2021-03-14 00:11:00,4,498,738,False
Свежий металл,2021-08-19,16:10:00,325,282,True,2021-07-21 01:47:00,2021-08-11 15:34:00,4,108,1463,False
Деловой,2022-06-02,01:12:00,115,85,False,2022-05-25 10:26:00,2022-05-28 02:15:00,4,966,1186,False
Растеряться инвалид четыре премьера,2022-03-26,01:36:00,625,70,True,2022-03-09 11:41:00,2022-03-16 12:17:00,4,579,1541,False
Поймать иной бок,2021-02-08,01:24:00,565,368,True,2021-01-28 08:16:00,2021-02-07 04:32:00,4,767,401,False
Остановить четко пастух,2022-06-06,16:46:00,705,310,False,2022-05-12 14:23:00,2022-06-04 11:24:00,4,987,1802,False
Мелькнуть костер,2021-02-03,20:22:00,350,261,True,2021-01-26 23:08:00,2021-02-03 19:38:00,4,587,79,False
Монета ведь анализ,2022-06-25,13:30:00,590,93,False,2022-05-29 17:39:00,2022-06-11 11:13:00,4,830,1070,False
Дьявол освободить точно,2021-01-27,01:51:00,175,354,False,2021-01-14 11:43:00,2021-01-17 08:08:00,4,699,949,False
Зачем июнь конструкция разнообразный,2022-09-05,00:47:00,355,858,False,2022-08-23 15:05:00,2022-08-23 20:02:00,5,708,1542,False
Банда носок бригада,2021-08-22,18:04:00,145,848,True,2021-08-04 00:13:00,2021-08-14 10:18:00,4,910,1983,False
Ботинок болото прошептать спалить,2022-07-22,06:28:00,600,322,True,2022-07-10 08:48:00,2022-07-12 19:51:00,4,915,492,False
Передо близко господь карман,2022-06-23,23:34:00,450,852,True,2022-06-07 03:54:00,2022-06-13 06:52:00,4,722,1364,False
Порог,2022-07-15,15:32:00,70,570,True,2022-07-15 09:46:00,2022-07-15 11:58:00,4,461,701,False
Приятель похороны заложить,2021-09-25,19:58:00,325,248,True,2021-08-31 03:10:00,2021-09-06 00:54:00,4,438,375,False
Тюрьма разводить июнь труп,2022-06-30,23:58:00,255,591,True,2022-06-08 15:31:00,2022-06-29 15:49:00,4,54,80,False
Руководитель песенка,2022-07-07,20:31:00,505,199,True,2022-07-04 17:15:00,2022-07-06 20:58:00,4,799,1920,False
Командующий решетка,2021-01-15,03:47:00,720,745,True,2021-01-04 19:36:00,2021-01-10 00:53:00,5,180,923,False
Заведение полностью заплакать,2021-01-28,01:31:00,305,222,True,2021-01-08 04:40:00,2021-01-22 06:45:00,4,381,434,False
Каюта валюта равнодушный,2021-08-14,02:53:00,415,637,True,2021-07-25 12:38:00,2021-08-06 15:24:00,4,566,1283,False
Уничтожение солнце,2021-03-11,03:38:00,650,42,True,2021-02-25 03:24:00,2021-03-09 01:56:00,4,228,454,False
Очко ставить,2022-06-26,20:01:00,555,728,True,2022-06-21 13:16:00,2022-06-26 06:59:00,4,782,1683,False
Подземный тута,2022-05-10,13:00:00,375,245,True,2022-04-24 07:57:00,2022-05-03 02:22:00,4,659,1749,False
Тревога изображать,2022-06-17,15:15:00,105,83,False,2022-06-09 04:15:00,2022-06-16 03:39:00,4,918,51,False
Возможно зима покинуть,2021-08-20,03:27:00,345,151,False,2021-08-10 03:10:00,2021-08-10 07:04:00,4,449,99,False
Темнеть светило славный,2021-09-10,07:50:00,15,748,True,2021-08-15 19:19:00,2021-08-23 23:34:00,4,338,1699,False
Носок пастух вскинуть,2021-03-19,19:38:00,560,990,False,2021-02-23 00:39:00,2021-03-18 15:04:00,4,180,1001,False
Собеседник художественный висеть,2021-02-17,18:27:00,605,101,False,2021-02-14 23:47:00,2021-02-15 18:28:00,4,275,1616,False
Мусор июнь штаб,2022-03-16,08:40:00,325,222,True,2022-03-15 10:23:00,2022-03-15 12:02:00,4,858,281,False
Палата некоторый,2022-01-24,19:07:00,255,323,False,2022-01-19 05:56:00,2022-01-19 15:16:00,4,115,952,False
Карман единый,2022-03-20,12:33:00,585,935,True,2022-03-11 09:54:00,2022-03-12 12:38:00,4,115,381,False
Наткнуться носок,2021-01-27,09:03:00,580,267,True,2021-01-19 21:18:00,2021-01-26 10:10:00,5,476,208,False
Ленинград дурацкий плод,2022-03-26,19:04:00,105,552,True,2022-03-18 11:16:00,2022-03-24 00:49:00,4,314,545,False
Реклама означать пол,2021-09-12,18:42:00,685,814,True,2021-09-11 23:42:00,2021-09-12 17:13:00,4,881,470,False
Перебивать мальчишка,2022-09-29,09:26:00,170,933,True,2022-09-21 04:13:00,2022-09-25 07:03:00,0,603,1352,False
Чувство написать,2022-01-21,16:29:00,215,962,False,2021-12-29 09:50:00,2021-12-30 06:40:00,4,789,1427,False
Жестокий,2021-03-28,09:57:00,700,332,False,2021-03-06 08:14:00,2021-03-25 12:42:00,4,791,1188,False
Сутки функция,2021-10-18,16:29:00,385,562,True,2021-09-26 17:41:00,2021-09-29 12:52:00,4,334,109,False
Художественный лиловый равнодушный,2021-03-10,20:12:00,270,114,False,2021-02-27 15:47:00,2021-03-01 05:11:00,4,970,1319,False
Мрачно жить,2021-08-14,03:16:00,430,209,False,2021-08-06 04:16:00,2021-08-10 21:56:00,4,123,708,False
Обида помимо необычный,2021-03-03,13:56:00,55,591,True,2021-02-20 10:43:00,2021-02-23 14:03:00,4,751,23,False
Рот господь,2021-04-19,09:42:00,125,167,True,2021-04-13 04:05:00,2021-04-14 12:49:00,4,771,972,False
Обида слишком,2021-05-23,06:12:00,140,82,False,2021-05-17 10:12:00,2021-05-21 22:09:00,4,997,1725,False
Более,2021-08-17,09:23:00,260,212,False,2021-07-23 22:35:00,2021-08-17 04:43:00,4,808,1627,False
Сверкать возбуждение,2021-06-15,16:02:00,315,71,True,2021-05-23 21:47:00,2021-06-11 12:29:00,4,116,1623,False
Через медицина советовать,2021-02-03,05:14:00,335,963,True,2021-01-15 14:28:00,2021-01-28 11:56:00,4,801,291,False
Сынок счастье,2022-09-07,19:39:00,460,353,True,2022-09-04 17:12:00,2022-09-05 17:41:00,4,227,1345,False
Мгновение решение,2022-03-03,15:01:00,380,628,True,2022-02-02 17:26:00,2022-02-10 09:02:00,4,1000,778,False
Ученый вчера поезд,2022-07-31,00:47:00,275,166,True,2022-07-20 02:50:00,2022-07-24 02:02:00,4,482,368,False
Карман назначить приятель,2021-04-16,20:57:00,115,538,False,2021-03-22 08:19:00,2021-04-08 11:08:00,4,457,246,False
Освободить скрытый ответить пространство,2021-08-21,16:06:00,200,305,True,2021-08-12 07:35:00,2021-08-19 16:51:00,4,784,277,False
Пространство полностью,2022-07-10,20:43:00,375,512,False,2022-06-18 04:26:00,2022-06-19 20:59:00,4,647,198,False
Видимо нажать запретить,2021-04-26,13:24:00,410,892,False,2021-04-05 13:13:00,2021-04-15 05:27:00,4,749,20,False
Достоинство монета,2021-02-13,03:53:00,475,385,False,2021-01-22 23:02:00,2021-02-01 04:27:00,4,674,1520,False
Горький бетонный монета,2021-05-21,20:14:00,525,854,True,2021-05-12 00:43:00,2021-05-18 18:24:00,4,728,874,False
Плавно жить,2021-02-07,09:09:00,290,395,True,2021-01-18 00:48:00,2021-02-03 15:36:00,4,627,1687,False
Девка поставить художественный увеличиваться,2021-10-26,23:34:00,75,965,False,2021-10-15 14:31:00,2021-10-22 01:04:00,4,309,1467,False
Тревога академик,2021-11-23,21:38:00,85,5,True,2021-11-07 05:44:00,2021-11-15 17:55:00,4,574,310,False
Подробность миллиард магазин термин,2021-02-18,05:31:00,410,391,True,2021-01-22 07:48:00,2021-01-29 15:45:00,4,848,1620,False
Райком заложить упорно сутки,2021-07-10,23:24:00,535,890,True,2021-06-17 05:50:00,2021-06-18 18:56:00,4,595,1473,False
